RESNR,RESTYPE,RESCHAIN,RESNR_LIG,RESTYPE_LIG,RESCHAIN_LIG,DIST,LIGCARBONIDX,PROTCARBONIDX,LIGCOO,PROTCOO
125,TRP,A,1,ERM,B,3.45,5011,1433,"(-1.386, -0.802, 18.488)","(-4.336, 0.908, 17.958)"
125,TRP,A,1,ERM,B,4.33,5008,1437,"(-0.376, 3.928, 18.548)","(-3.796, 1.758, 17.008)"
330,PHE,A,1,ERM,B,4.21,5029,4007,"(1.174, -2.922, 13.868)","(4.664, -0.772, 12.918)"
331,PHE,A,1,ERM,B,4.06,5003,4027,"(1.374, -5.022, 10.268)","(4.804, -4.162, 8.278)"
109,TYR,A,1,ERM,B,3.48,5008,1174,"(-0.376, 3.928, 18.548)","(-3.426, 3.828, 20.218)"
126,LEU,A,1,ERM,B,3.71,5028,1450,"(0.344, -1.692, 14.078)","(-1.816, -4.122, 15.868)"
130,ILE,A,1,ERM,B,3.79,5003,1504,"(1.374, -5.022, 10.268)","(-1.246, -7.012, 12.148)"
200,VAL,A,1,ERM,B,3.55,5014,2617,"(4.544, -1.882, 20.178)","(2.624, -2.822, 23.008)"
201,VAL,A,1,ERM,B,3.81,5019,2631,"(5.264, -3.332, 18.408)","(2.274, -5.682, 18.658)"
330,PHE,A,1,ERM,B,3.89,5030,4011,"(1.664, -3.342, 12.668)","(4.814, -1.302, 11.628)"
343,ALA,A,1,ERM,B,4.11,5018,4217,"(5.004, -3.162, 19.758)","(7.164, -3.622, 23.228)"
351,PHE,A,1,ERM,B,3.67,5021,4352,"(4.504, -1.102, 17.958)","(7.474, 1.018, 17.558)"
